pdb_code,amino_code,amino_no,chain,residue_no,atom_no,occupant,ss_psu,amino_code_b,amino_no_b,chain_b,residue_no_b,atom_no_b,occupant_b,ss_psu_b,geo_atoms,geo_type,geo_value
1EJG,THR,1,A,1,7,A,U,ILE,35,A,35,676,A,B,CB-CB,CONTACT,5.23376
1EJG,THR,1,A,1,7,A,U,ALA,38,A,38,722,A,A,CB-CB,CONTACT,5.21204
1EJG,THR,2,A,2,36,A,B,GLU,23,A,23,430,A,A,CB-CB,CONTACT,5.97389
1EJG,THR,2,A,2,36,A,B,CYS,32,A,32,615,A,P,CB-CB,CONTACT,5.50733
1EJG,THR,2,A,2,36,A,B,ILE,34,A,34,644,A,B,CB-CB,CONTACT,5.75447
1EJG,CYS,3,A,3,59,A,B,ILE,33,A,33,625,A,B,CB-CB,CONTACT,5.1304
1EJG,CYS,3,A,3,59,A,B,CYS,40,A,40,748,A,P,CB-CB,CONTACT,3.62607
1EJG,CYS,3,A,3,59,A,B,TYR,44,A,44,797,A,A,CB-CB,CONTACT,3.60048
1EJG,CYS,4,A,4,69,A,B,ALA,9,A,9,170,A,A,CB-CB,CONTACT,4.28803
1EJG,CYS,4,A,4,69,A,B,ARG,10,A,10,180,A,A,CB-CB,CONTACT,3.94568
1EJG,CYS,4,A,4,69,A,B,PHE,13,A,13,248,A,A,CB-CB,CONTACT,5.81998
1EJG,CYS,4,A,4,69,A,B,CYS,32,A,32,615,A,P,CB-CB,CONTACT,4.06579
1EJG,CYS,4,A,4,69,A,B,ASN,46,A,46,828,A,U,CB-CB,CONTACT,4.6018
1EJG,PRO,5,A,5,79,A,A,ALA,9,A,9,170,A,A,CB-CB,CONTACT,5.07838
1EJG,PRO,5,A,5,79,A,A,TYR,44,A,44,797,A,A,CB-CB,CONTACT,5.40842
1EJG,SER,6,A,6,93,A,B,VAL,8,A,8,142,A,A,CB-CB,CONTACT,5.11767
1EJG,SER,6,A,6,93,A,B,ALA,9,A,9,170,A,A,CB-CB,CONTACT,4.72221
1EJG,SER,6,A,6,93,A,B,ASN,46,A,46,828,A,U,CB-CB,CONTACT,5.52708
1EJG,ILE,7,A,7,107,A,A,ARG,10,A,10,180,A,A,CB-CB,CONTACT,5.88398
1EJG,ILE,7,A,7,107,A,A,ASN,46,A,46,828,A,U,CB-CB,CONTACT,5.28506
1EJG,VAL,8,A,8,142,A,A,SER,6,A,6,93,A,B,CB-CB,CONTACT,5.11767
1EJG,VAL,8,A,8,142,A,A,SER,11,A,11,213,A,A,CB-CB,CONTACT,5.77985
1EJG,ALA,9,A,9,170,A,A,CYS,4,A,4,69,A,B,CB-CB,CONTACT,4.28803
1EJG,ALA,9,A,9,170,A,A,PRO,5,A,5,79,A,A,CB-CB,CONTACT,5.07838
1EJG,ALA,9,A,9,170,A,A,SER,6,A,6,93,A,B,CB-CB,CONTACT,4.72221
1EJG,ALA,9,A,9,170,A,A,ASN,12,A,12,225,A,A,CB-CB,CONTACT,5.62085
1EJG,ALA,9,A,9,170,A,A,THR,30,A,30,594,A,A,CB-CB,CONTACT,4.62204
1EJG,ALA,9,A,9,170,A,A,CYS,32,A,32,615,A,P,CB-CB,CONTACT,5.45366
1EJG,ARG,10,A,10,180,A,A,CYS,4,A,4,69,A,B,CB-CB,CONTACT,3.94568
1EJG,ARG,10,A,10,180,A,A,ILE,7,A,7,107,A,A,CB-CB,CONTACT,5.88398
1EJG,ARG,10,A,10,180,A,A,PHE,13,A,13,248,A,A,CB-CB,CONTACT,5.31264
1EJG,ARG,10,A,10,180,A,A,ASN,46,A,46,828,A,U,CB-CB,CONTACT,4.88234
1EJG,SER,11,A,11,213,A,A,VAL,8,A,8,142,A,A,CB-CB,CONTACT,5.77985
1EJG,SER,11,A,11,213,A,A,ASN,14,A,14,279,A,A,CB-CB,CONTACT,5.97035
1EJG,ASN,12,A,12,225,A,A,ALA,9,A,9,170,A,A,CB-CB,CONTACT,5.62085
1EJG,ASN,12,A,12,225,A,A,VAL,15,A,15,293,A,A,CB-CB,CONTACT,5.96915
1EJG,ASN,12,A,12,225,A,A,THR,30,A,30,594,A,A,CB-CB,CONTACT,4.47645
1EJG,PHE,13,A,13,248,A,A,CYS,4,A,4,69,A,B,CB-CB,CONTACT,5.81998
1EJG,PHE,13,A,13,248,A,A,ARG,10,A,10,180,A,A,CB-CB,CONTACT,5.31264
1EJG,PHE,13,A,13,248,A,A,CYS,16,A,16,309,A,A,CB-CB,CONTACT,5.48307
1EJG,PHE,13,A,13,248,A,A,CYS,26,A,26,515,A,A,CB-CB,CONTACT,5.12541
1EJG,PHE,13,A,13,248,A,A,THR,30,A,30,594,A,A,CB-CB,CONTACT,4.55086
1EJG,PHE,13,A,13,248,A,A,CYS,32,A,32,615,A,P,CB-CB,CONTACT,4.75334
1EJG,ASN,14,A,14,279,A,A,SER,11,A,11,213,A,A,CB-CB,CONTACT,5.97035
1EJG,ASN,14,A,14,279,A,A,ARG,17,A,17,319,A,A,CB-CB,CONTACT,5.69909
1EJG,VAL,15,A,15,293,A,A,ASN,12,A,12,225,A,A,CB-CB,CONTACT,5.96915
1EJG,VAL,15,A,15,293,A,A,LEU,18,A,18,343,A,A,CB-CB,CONTACT,5.7297
1EJG,CYS,16,A,16,309,A,A,PHE,13,A,13,248,A,A,CB-CB,CONTACT,5.48307
1EJG,CYS,16,A,16,309,A,A,THR,21,A,21,390,A,P,CB-CB,CONTACT,5.1898
1EJG,CYS,16,A,16,309,A,A,CYS,26,A,26,515,A,A,CB-CB,CONTACT,3.77191
1EJG,CYS,16,A,16,309,A,A,TYR,29,A,29,549,A,A,CB-CB,CONTACT,5.65917
1EJG,ARG,17,A,17,319,A,A,ASN,14,A,14,279,A,A,CB-CB,CONTACT,5.69909
1EJG,ARG,17,A,17,319,A,A,THR,21,A,21,390,A,P,CB-CB,CONTACT,5.90014
1EJG,ARG,17,A,17,319,A,A,CYS,26,A,26,515,A,A,CB-CB,CONTACT,5.67678
1EJG,LEU,18,A,18,343,A,A,VAL,15,A,15,293,A,A,CB-CB,CONTACT,5.7297
1EJG,PRO,19,A,19,362,A,A,THR,21,A,21,390,A,P,CB-CB,CONTACT,5.70384
1EJG,THR,21,A,21,390,A,P,CYS,16,A,16,309,A,A,CB-CB,CONTACT,5.1898
1EJG,THR,21,A,21,390,A,P,ARG,17,A,17,319,A,A,CB-CB,CONTACT,5.90014
1EJG,THR,21,A,21,390,A,P,PRO,19,A,19,362,A,A,CB-CB,CONTACT,5.70384
1EJG,THR,21,A,21,390,A,P,LEU,25,A,25,461,A,A,CB-CB,CONTACT,5.29914
1EJG,THR,21,A,21,390,A,P,CYS,26,A,26,515,A,A,CB-CB,CONTACT,5.1753
1EJG,PRO,22,A,22,404,A,P,ALA,24,A,24,451,A,A,CB-CB,CONTACT,5.01786
1EJG,PRO,22,A,22,404,A,P,LEU,25,A,25,461,A,A,CB-CB,CONTACT,4.7489
1EJG,GLU,23,A,23,430,A,A,THR,2,A,2,36,A,B,CB-CB,CONTACT,5.97389
1EJG,GLU,23,A,23,430,A,A,CYS,26,A,26,515,A,A,CB-CB,CONTACT,5.66955
1EJG,GLU,23,A,23,430,A,A,ALA,27,A,27,525,A,A,CB-CB,CONTACT,5.95398
1EJG,GLU,23,A,23,430,A,A,ILE,34,A,34,644,A,B,CB-CB,CONTACT,5.59225
1EJG,ALA,24,A,24,451,A,A,PRO,22,A,22,404,A,P,CB-CB,CONTACT,5.01786
1EJG,ALA,24,A,24,451,A,A,ALA,27,A,27,525,A,A,CB-CB,CONTACT,5.45684
1EJG,LEU,25,A,25,461,A,A,THR,21,A,21,390,A,P,CB-CB,CONTACT,5.29914
1EJG,LEU,25,A,25,461,A,A,PRO,22,A,22,404,A,P,CB-CB,CONTACT,4.7489
1EJG,LEU,25,A,25,461,A,A,TYR,29,A,29,549,A,A,CB-CB,CONTACT,6.06036
1EJG,CYS,26,A,26,515,A,A,PHE,13,A,13,248,A,A,CB-CB,CONTACT,5.12541
1EJG,CYS,26,A,26,515,A,A,CYS,16,A,16,309,A,A,CB-CB,CONTACT,3.77191
1EJG,CYS,26,A,26,515,A,A,ARG,17,A,17,319,A,A,CB-CB,CONTACT,5.67678
1EJG,CYS,26,A,26,515,A,A,THR,21,A,21,390,A,P,CB-CB,CONTACT,5.1753
1EJG,CYS,26,A,26,515,A,A,GLU,23,A,23,430,A,A,CB-CB,CONTACT,5.66955
1EJG,CYS,26,A,26,515,A,A,TYR,29,A,29,549,A,A,CB-CB,CONTACT,5.30801
1EJG,CYS,26,A,26,515,A,A,THR,30,A,30,594,A,A,CB-CB,CONTACT,5.89938
1EJG,ALA,27,A,27,525,A,A,GLU,23,A,23,430,A,A,CB-CB,CONTACT,5.95398
1EJG,ALA,27,A,27,525,A,A,ALA,24,A,24,451,A,A,CB-CB,CONTACT,5.45684
1EJG,ALA,27,A,27,525,A,A,CYS,32,A,32,615,A,P,CB-CB,CONTACT,4.87302
1EJG,ALA,27,A,27,525,A,A,ILE,33,A,33,625,A,B,CB-CB,CONTACT,5.6975
1EJG,ALA,27,A,27,525,A,A,ILE,34,A,34,644,A,B,CB-CB,CONTACT,5.54804
1EJG,TYR,29,A,29,549,A,A,CYS,16,A,16,309,A,A,CB-CB,CONTACT,5.65917
1EJG,TYR,29,A,29,549,A,A,LEU,25,A,25,461,A,A,CB-CB,CONTACT,6.06036
1EJG,TYR,29,A,29,549,A,A,CYS,26,A,26,515,A,A,CB-CB,CONTACT,5.30801
1EJG,THR,30,A,30,594,A,A,ALA,9,A,9,170,A,A,CB-CB,CONTACT,4.62204
1EJG,THR,30,A,30,594,A,A,ASN,12,A,12,225,A,A,CB-CB,CONTACT,4.47645
1EJG,THR,30,A,30,594,A,A,PHE,13,A,13,248,A,A,CB-CB,CONTACT,4.55086
1EJG,THR,30,A,30,594,A,A,CYS,26,A,26,515,A,A,CB-CB,CONTACT,5.89938
1EJG,THR,30,A,30,594,A,A,CYS,32,A,32,615,A,P,CB-CB,CONTACT,4.63069
1EJG,CYS,32,A,32,615,A,P,THR,2,A,2,36,A,B,CB-CB,CONTACT,5.50733
1EJG,CYS,32,A,32,615,A,P,CYS,4,A,4,69,A,B,CB-CB,CONTACT,4.06579
1EJG,CYS,32,A,32,615,A,P,ALA,9,A,9,170,A,A,CB-CB,CONTACT,5.45366
1EJG,CYS,32,A,32,615,A,P,PHE,13,A,13,248,A,A,CB-CB,CONTACT,4.75334
1EJG,CYS,32,A,32,615,A,P,ALA,27,A,27,525,A,A,CB-CB,CONTACT,4.87302
1EJG,CYS,32,A,32,615,A,P,THR,30,A,30,594,A,A,CB-CB,CONTACT,4.63069
1EJG,ILE,33,A,33,625,A,B,CYS,3,A,3,59,A,B,CB-CB,CONTACT,5.1304
1EJG,ILE,33,A,33,625,A,B,ALA,27,A,27,525,A,A,CB-CB,CONTACT,5.6975
1EJG,ILE,33,A,33,625,A,B,TYR,44,A,44,797,A,A,CB-CB,CONTACT,5.81329
1EJG,ILE,34,A,34,644,A,B,THR,2,A,2,36,A,B,CB-CB,CONTACT,5.75447
1EJG,ILE,34,A,34,644,A,B,GLU,23,A,23,430,A,A,CB-CB,CONTACT,5.59225
1EJG,ILE,34,A,34,644,A,B,ALA,27,A,27,525,A,A,CB-CB,CONTACT,5.54804
1EJG,ILE,35,A,35,676,A,B,THR,1,A,1,7,A,U,CB-CB,CONTACT,5.23376
1EJG,ALA,38,A,38,722,A,A,THR,1,A,1,7,A,U,CB-CB,CONTACT,5.21204
1EJG,CYS,40,A,40,748,A,P,CYS,3,A,3,59,A,B,CB-CB,CONTACT,3.62607
1EJG,CYS,40,A,40,748,A,P,TYR,44,A,44,797,A,A,CB-CB,CONTACT,5.02269
1EJG,PRO,41,A,41,758,A,P,ASP,43,A,43,779,A,A,CB-CB,CONTACT,5.35893
1EJG,PRO,41,A,41,758,A,P,TYR,44,A,44,797,A,A,CB-CB,CONTACT,5.27928
1EJG,ASP,43,A,43,779,A,A,PRO,41,A,41,758,A,P,CB-CB,CONTACT,5.35893
1EJG,TYR,44,A,44,797,A,A,CYS,3,A,3,59,A,B,CB-CB,CONTACT,3.60048
1EJG,TYR,44,A,44,797,A,A,PRO,5,A,5,79,A,A,CB-CB,CONTACT,5.40842
1EJG,TYR,44,A,44,797,A,A,ILE,33,A,33,625,A,B,CB-CB,CONTACT,5.81329
1EJG,TYR,44,A,44,797,A,A,CYS,40,A,40,748,A,P,CB-CB,CONTACT,5.02269
1EJG,TYR,44,A,44,797,A,A,PRO,41,A,41,758,A,P,CB-CB,CONTACT,5.27928
1EJG,ASN,46,A,46,828,A,U,CYS,4,A,4,69,A,B,CB-CB,CONTACT,4.6018
1EJG,ASN,46,A,46,828,A,U,SER,6,A,6,93,A,B,CB-CB,CONTACT,5.52708
1EJG,ASN,46,A,46,828,A,U,ILE,7,A,7,107,A,A,CB-CB,CONTACT,5.28506
1EJG,ASN,46,A,46,828,A,U,ARG,10,A,10,180,A,A,CB-CB,CONTACT,4.88234
