AminoAcid,GeoType,Atoms,Alias
########Core calculations that are part of the optimised dataset
#Previous and neighbours
*,COREBOND,CP-N,CP-N
*,COREBOND,N-CA,N-CA
*,COREBOND,CA-C,CA-C
*,COREBOND,C-NPP,C-NPP
*,COREBOND,C-O,C-O
*,COREBOND,HG-O,HG-O
*,COREBOND,HG-NP,HG-NP
*,COREBOND,N-NPP,N-NPP
*,COREBOND,NP-N,NP-N
*,COREBOND,CA-CAPP,CA-CAPP
*,COREBOND,CAP-CA,CAP-CA
#One-Fours
*,COREBOND,CB-O,CB-O
*,COREBOND,N-O,N-O
*,COREBOND,OP-CA,OP-CA
*,COREBOND,O-CAPP,O-CAPP
*,COREBOND,C-CBPP,C-CBPP
*,COREBOND,CB-NPP,CB-NPP
*,COREBOND,OP-CB,OP-CB
*,COREBOND,CP-CB,CP-CB
*,COREBOND,CBP-N,CBP-N
*,COREBOND,CAP-CA,CAP-CA
*,COREBOND,CA-CAPP,CA-CAPP
*,COREBOND,N-NPP,N-NPP
*,COREBOND,NP-N,NP-N
*,COREBOND,CP-C,CP-C
*,COREBOND,C-CPP,C-CPP
#Angles
*,COREANGLE,CP-N-CA,TAUP
*,COREANGLE,N-CA-C,TAU
*,COREANGLE,CA-C-NPP,TAUPP
*,COREANGLE,CA-C-O,CA-C-O
*,COREANGLE,O-C-NPP,O-C-NPP
*,COREANGLE,OP-CP-N,OP-CP-N
*,COREANGLE,N-CA-CB,N-CA-CB
*,COREANGLE,CB-CA-C,CB-CA-C
*,COREANGLE,CA-CB-CG,CA-CB-CG
*,COREANGLE,CAP-CA-CAPP,CAP-CA-CAPP
*,COREANGLE,CAP2-CAP-CA,CAP2-CAP-CA
*,COREANGLE,CA-CAPP-CAPP2,CA-CAPP-CAPP2
#Dihedrals
#Chi, Psi and OMEGA,,
*,COREDIHEDRAL,CP-N-CA-C,PHI
*,COREDIHEDRAL,N-CA-C-NPP,PSI
*,COREDIHEDRAL,CA-C-NPP-CAPP,OMEGA
*,COREDIHEDRAL,N-CA-C-O,N-CA-C-O
*,COREDIHEDRAL,CAP2-CAP-CA-CAPP,CAP2-CAP-CA-CAPP

#Dihedrals per aa
#ALA
ALA,COREDIHEDRAL,C-CA-CB-HB1,CHI1
ALA,COREDIHEDRAL,CB-C-N-HA,IMP1
ALA,COREDIHEDRAL,HB3-CA-CB-HB1,IMP2
#CYS
CYS,COREDIHEDRAL,N-CA-CB-SG,CHI1
CYS,COREDIHEDRAL,CB-C-N-HA,IMP1
CYS,COREDIHEDRAL,SG-CA-HB2-HB1,IMP2
CYS,COREDIHEDRAL,SG-CB-CA-C,IMP3
#ASP
ASP,COREDIHEDRAL,N-CA-CB-CG,CHI1
ASP,COREDIHEDRAL,CA-CB-CG-OD1,CHI2
ASP,COREDIHEDRAL,CB-C-N-HA,IMP1
ASP,COREDIHEDRAL,OD2-OD1-CB-CG,IMP2
ASP,COREDIHEDRAL,CG-CA-HB2-HB1,IMP3
#GLU
GLU,COREDIHEDRAL,N-CA-CB-CG,CHI1
GLU,COREDIHEDRAL,CA-CB-CG-CD,CHI2
GLU,COREDIHEDRAL,CB-CG-CD-OE1,CHI3
GLU,COREDIHEDRAL,CB-C-N-HA,IMP1
GLU,COREDIHEDRAL,OE2-OE1-CG-CD,IMP2
GLU,COREDIHEDRAL,CG-CA-HB1-HB2,IMP3
GLU,COREDIHEDRAL,CD-CG-HG2-HG1,IMP4
#PHE
PHE,COREDIHEDRAL,N-CA-CB-CG,CHI1
PHE,COREDIHEDRAL,CA-CB-CG-CD1,CHI2
PHE,COREDIHEDRAL,CB-C-N-HA,IMP1
PHE,COREDIHEDRAL,CG-CA-HB2-HB1,IMP2
PHE,COREDIHEDRAL,CE2-CD2-CG-CB,IMP3
PHE,COREDIHEDRAL,CZ-CE1-CD1-CG,IMP4
PHE,COREDIHEDRAL,CG-CD2-CE2-CZ,IMP5
#GLY
GLY,COREDIHEDRAL,C-N-HA2-HA1,IMP1
#HIS
HIS,COREDIHEDRAL,N-CA-CB-CG,CHI1
HIS,COREDIHEDRAL,CA-CB-CG-ND1,CHI2
HIS,COREDIHEDRAL,CA-CB-CG-CD2,CHI3
HIS,COREDIHEDRAL,CB-C-N-HA,IMP1
HIS,COREDIHEDRAL,CD2-ND1-CB-CG,IMP2
HIS,COREDIHEDRAL,CD2-NE2-CE1-ND1,IMP3
HIS,COREDIHEDRAL,NE2-CE1-ND1-CG,IMP4
HIS,COREDIHEDRAL,CG-CA-HB2-HB1,IMP5
#ILE
ILE,COREDIHEDRAL,N-CA-CB-CG1,CHI1
ILE,COREDIHEDRAL,CA-CB-CG1-CD1,CHI2
ILE,COREDIHEDRAL,CB-CG1-CD1-CD11,CHI3
ILE,COREDIHEDRAL,CA-CB-CG2-HG21,CHI4
ILE,COREDIHEDRAL,CB-C-N-HA,IMP1
ILE,COREDIHEDRAL,CG1-CG2-CA-HB,IMP2
ILE,COREDIHEDRAL,CD1-CB-HG12-HG11,IMP3
ILE,COREDIHEDRAL,HG23-CB-HG22-HG21,IMP4
ILE,COREDIHEDRAL,HD13-CG1-HD12-HD11,IMP5
#LYS
LYS,COREDIHEDRAL,N-CA-CB-CG,CHI1
LYS,COREDIHEDRAL,CA-CB-CG-CD,CHI2
LYS,COREDIHEDRAL,CD-CE-NZ-HZ1,CHI3
LYS,COREDIHEDRAL,CB-C-N-HA,IMP1
LYS,COREDIHEDRAL,CG-CA-HB2-HB1,IMP2
LYS,COREDIHEDRAL,CD-CB-HG2-HG1,IMP3
LYS,COREDIHEDRAL,NZ-CD-HE2-HE1,IMP4
LYS,COREDIHEDRAL,HZ3-CE-HZ2-HZ1,IMP5
#LEU
LEU,COREDIHEDRAL,N-CA-CB-CG,CHI1
LEU,COREDIHEDRAL,CA-CB-CG-CD1,CHI2
LEU,COREDIHEDRAL,CB-CG-CD1-HD11,CHI3
LEU,COREDIHEDRAL,CB-CG-CD2-HD21,CHI4
LEU,COREDIHEDRAL,CB-C-N-HA,IMP1
LEU,COREDIHEDRAL,CD2-CD1-CB-HG,IMP2
LEU,COREDIHEDRAL,CG-CA-HB2-HB1,IMP3
LEU,COREDIHEDRAL,HD13-CG-HD12-HD11,IMP4
LEU,COREDIHEDRAL,HD23-CG-HD22-HD21,IMP5
#MET
MET,COREDIHEDRAL,N-CA-CB-CG,CHI1
MET,COREDIHEDRAL,CA-CB-CG-SD,CHI2
MET,COREDIHEDRAL,CG-SD-CE-HE1,CHI3
MET,COREDIHEDRAL,CB-C-N-HA,IMP1
MET,COREDIHEDRAL,CG-CA-HB2-HB1,IMP2
MET,COREDIHEDRAL,SD-CB-HG2-HG1,IMP3
MET,COREDIHEDRAL,HE3-SD-HE2-HE1,IMP4
#ASN
ASN,COREDIHEDRAL,N-CA-CB-CG,CHI1
ASN,COREDIHEDRAL,CA-CB-CG-OD1,CHI2
ASN,COREDIHEDRAL,CB-C-N-HA,IMP1
ASN,COREDIHEDRAL,ND2-OD1-CB-CG,IMP2
ASN,COREDIHEDRAL,CG-CA-CH2-HB1,IMP3
#PRO
PRO,COREDIHEDRAL,N-CA-CB-CG,CHI1
PRO,COREDIHEDRAL,CA-CB-CG-CD,CHI2
PRO,COREDIHEDRAL,CB-CG-CD-N,CHI3
PRO,COREDIHEDRAL,CG-CD-N-CA,CHI4
PRO,COREDIHEDRAL,CD-N-CA-CB,CHI5
PRO,COREDIHEDRAL,CB-C-N-HA,IMP1
PRO,COREDIHEDRAL,CG-CA-HB2-HB1,IMP2
PRO,COREDIHEDRAL,CD-CB-HG2-HG1,IMP3
PRO,COREDIHEDRAL,N-CG-HD2-HD1,IMP4
#GLN
GLN,COREDIHEDRAL,N-CA-CB-CG,CHI1
GLN,COREDIHEDRAL,CA-CB-CG-CD,CHI2
GLN,COREDIHEDRAL,CB-CG-CD-OE1,CHI3
GLN,COREDIHEDRAL,CB-C-N-HA,IMP1
GLN,COREDIHEDRAL,NE2-OE1-CG-CD,IMP2
GLN,COREDIHEDRAL,CG-CA-HB2-HB1,IMP3
GLN,COREDIHEDRAL,CD-CB-HG2-HG1,IMP4
#ARG
ARG,COREDIHEDRAL,N-CA-CB-CG,CHI1
ARG,COREDIHEDRAL,CA-CB-CG-CD,CHI2
ARG,COREDIHEDRAL,CB-CG-CD-NE,CHI3
ARG,COREDIHEDRAL,CG-CD-NE-CZ,CHI4
ARG,COREDIHEDRAL,CD-NE-CZ-NH1,CHI5
ARG,COREDIHEDRAL,CB-C-N-HA,IMP1
ARG,COREDIHEDRAL,HE-CZ-CD-NE,IMP2
ARG,COREDIHEDRAL,NH2-NH1-NE-CZ,IMP3
ARG,COREDIHEDRAL,NE-HE-NH2-CZ,IMP4
ARG,COREDIHEDRAL,CG-CA-HB2-HB1,IMP5
#SER
SER,COREDIHEDRAL,N-CA-CB-OG,CHI1
SER,COREDIHEDRAL,CA-CB-OG-H,CHI2
SER,COREDIHEDRAL,CB-C-N-HA,IMP1
SER,COREDIHEDRAL,OG-CA-HB2-HB1,IMP2
#THR
THR,COREDIHEDRAL,N-CA-CB-OG1,CHI1
THR,COREDIHEDRAL,CA-CB-CG2-HG21,CHI2
THR,COREDIHEDRAL,HG23-CB-OG1-H,CHI3
THR,COREDIHEDRAL,CB-C-N-HA,IMP1
THR,COREDIHEDRAL,CG2-OG1-CA-HB,IMP2
THR,COREDIHEDRAL,HG23-CB-HG22-HG21,IMP3
#VAL
VAL,COREDIHEDRAL,N-CA-CB-CG1,CHI1
VAL,COREDIHEDRAL,CA-CB-CG1-HG11,CHI2
VAL,COREDIHEDRAL,CA-CB-CG2-HG21,CHI3
VAL,COREDIHEDRAL,CB-C-N-HA,IMP1
VAL,COREDIHEDRAL,CG2-CG1-CA-HB,IMP2
VAL,COREDIHEDRAL,HG13-CB-HG12-HG11,IMP3
VAL,COREDIHEDRAL,HG23-CB-HG22-HG21,IMP4
#TRP
TRP,COREDIHEDRAL,N-CA-CB-CG,CHI1
TRP,COREDIHEDRAL,CA-CB-CG-CD1,CHI2
TRP,COREDIHEDRAL,CB-C-N-HA,IMP1
TRP,COREDIHEDRAL,CG-CA-HB2-HB1,IMP2
TRP,COREDIHEDRAL,CZ2-CE2-CD2-CE3,IMP3
TRP,COREDIHEDRAL,CH2-CZ2-CE2-NE1,IMP4
TRP,COREDIHEDRAL,CE2-CD2-CG-CB,IMP5
#TYR
TYR,COREDIHEDRAL,N-CA-CB-CG,CHI1
TYR,COREDIHEDRAL,CA-CB-CG-CD1,CHI2
TYR,COREDIHEDRAL,CE2-CZ-OH-HH,CHI3
TYR,COREDIHEDRAL,CD1-CE1-CZ-OH,IMP1
TYR,COREDIHEDRAL,CE2-CD2-CG-CB,IMP2
TYR,COREDIHEDRAL,CZ-CE1-CD1-CG,IMP3
TYR,COREDIHEDRAL,CE2-CZ-CE1-CD1,IMP4
TYR,COREDIHEDRAL,CE1-CD1-CG-CD2,IMP5




